'Fname','Lname','Population','Rating','Country_Id','Country_name','Area'
'Rajesh','Kumar','1400000000','4.5','1','India','3287263'
'John','Doe','331000000','4.8','2','USA','9833520'
'Amit','Shah','1400000000','4.2','1','India','3287263'
'Priya','Reddy','38000000','4.9','3','Canada','9984670'
'David','Smith','67000000','4.3','4','UK','243610'
'Sara','Brown','26000000','3.9','5','Australia','7692024'
'Satoshi','Nakamoto','125000000','5','6','Japan','377975'
'Linda','Williams','213000000','4.7','9','Brazil','8515767'
'Akash','Patel','1400000000','3.8','1','India','3287263'
'Sophia','Johnson','331000000','4.6','2','USA','9833520'
